date,mean_positive,mean_neutral,mean_negative
2020-07-14,0.2851700000464916,0.08152262517251074,0.6333073689602315
2020-07-30,0.25908865274063175,0.048664866168318055,0.6922464745119215
2020-07-31,0.5513449971164975,0.2776061703584024,0.17104883465383733
2020-08-03,0.5285839236591382,0.09332005453630637,0.37809601922023606
2020-08-05,0.28733510405290874,0.3094588632540156,0.4032060139191647
2020-08-13,0.2868581161093139,0.18702256468791262,0.5261193300113566
2020-08-14,0.33355013820850715,0.35998861059885134,0.30646124537187547
2020-08-18,0.4418492214185082,0.24840670978753931,0.3097440505814221
2020-08-20,0.3472177481786771,0.18312211026522246,0.46966012728146533
2020-08-24,0.6358770921619402,0.059777106746979475,0.30434577947016805
2020-08-25,0.08307445117582878,0.2975379307599117,0.6193876177072525
2020-08-26,0.3128576502462642,0.17118214818183333,0.5159601872450569
2020-09-01,0.4794787743579714,0.09978772449373667,0.4207335105698023
2020-09-02,0.45577493889140896,0.11197176016867161,0.4322533074300736
2020-09-08,0.19662222971187726,0.30958874342448506,0.49378903003998004
2020-09-10,0.20738764862958636,0.1017086581333304,0.6909036909824327
2020-09-11,0.3005175081487594,0.26753797525967804,0.43194451379201304
2020-09-14,0.36085522154042965,0.13048918898195858,0.5086555951010715
2020-09-15,0.3505643344141001,0.12090225607503255,0.5285334024276516
2020-09-16,0.3577865076551966,0.08489578285426914,0.5573177026655982
2020-09-21,0.28299623511218225,0.13210776734985683,0.5848959931019059
2020-09-22,0.2886109686318596,0.1562668028234708,0.555122231434354
2020-09-23,0.2679176122106262,0.31808596976386266,0.41399641791521147
2020-09-25,0.26775851102333126,0.32550889088459567,0.40673259512734394
2020-09-28,0.33179177577000896,0.15458305314527374,0.5136251675632264
2020-09-29,0.22951756310906476,0.22130081783275543,0.5491816119736296
2020-09-30,0.2421363415762966,0.23418043914699635,0.5236832156100392
2020-10-01,0.3525448027364656,0.232988018922871,0.4144671909950352
2020-10-02,0.32692054393036024,0.07570355873488421,0.5973758915173156
2020-10-05,0.288718774925471,0.10835050477623823,0.6029307156975588
2020-10-06,0.13487105836887323,0.30429171488181245,0.5608372246486295
2020-10-07,0.13903692300517273,0.3974747245189647,0.463488359099676
2020-10-09,0.1306145656077812,0.23238888750008,0.6369965615371863
2020-10-12,0.21204520206967437,0.21316905282893608,0.5747857419539874
2020-10-13,0.3988483563733447,0.0924059186454726,0.5087457296363257
2020-10-14,0.4514257489393155,0.11610375062252085,0.43247050009667876
2020-10-15,0.09000388764543459,0.22939617475494742,0.6805999267380685
2020-10-23,0.11834522026280563,0.17190668636208606,0.7097480988336934
2020-11-11,0.18301261588931084,0.11954653766006232,0.6974408514797688
2020-11-12,0.1691623138124123,0.33942751775961366,0.491410174658522
2020-11-13,0.13353476725751534,0.09374004622804932,0.7727251919762541
2020-11-23,0.2293248927374419,0.07042081404318443,0.7002542974128748
2020-11-30,0.06004280038177967,0.05904238112270832,0.8809148328644889
2020-12-03,0.07512979006225412,0.17498046591539274,0.7498897438247999
2020-12-09,0.3451821923566361,0.28773816349954967,0.3670796281658113
2020-12-11,0.21592514996882528,0.2799297150486382,0.5041451196884736
2020-12-16,0.4498259158184131,0.0828850887871037,0.46728900059436757
2020-12-17,0.6043506940412852,0.035832252159404256,0.35981705024217564
2020-12-18,0.22630683371486762,0.2622075903539856,0.5114855926173428
2020-12-21,0.3522665890500245,0.1635535420034736,0.4841798723624461
2020-12-22,0.2902770379290408,0.12380300329825289,0.5859199634705408
2020-12-23,0.3085176445739601,0.15560258935187135,0.5358797712451216
2020-12-24,0.2372199899948856,0.12201627568756676,0.6407637222821013
2020-12-25,0.27456376382282804,0.1365508454452668,0.588885418006352
2020-12-30,0.45419116014958066,0.06371450731695413,0.4820943410752924
2020-12-31,0.3572521587977043,0.3774072661852607,0.2653405972254964
2021-01-04,0.23758506598389104,0.13046337235227795,0.6319515698503435
2021-01-05,0.4043673338600474,0.14895297092094775,0.4466796957786608
2021-01-07,0.22706967564847538,0.24019431149696602,0.532736017116729
2021-01-08,0.4393435746992288,0.06157021407943265,0.4990862129017259
2021-01-12,0.3632893142186933,0.10740222150666846,0.529308478658398
2021-01-14,0.5336613114981733,0.1213413652403207,0.3449973229227377
2021-01-15,0.42158088584740955,0.015533984845711125,0.5628851165788041
2021-01-21,0.34610339964192144,0.07019255651462385,0.5837040522274579
2021-01-22,0.5291239821622292,0.16400393680305997,0.30687208077215417
2021-01-25,0.47429246082901955,0.013512421606315507,0.512195108389413
2021-01-26,0.43164750542283553,0.13919627153684613,0.429156220225316
2021-01-28,0.5454310076078308,0.1866558229455182,0.26791317134459997
2021-02-01,0.5649312836874244,0.08901477796542977,0.34605393165754333
2021-02-02,0.4142437890386398,0.2384637043811868,0.3472925125122587
2021-02-03,0.47986558178910704,0.13670202524691683,0.3834323859230208
2021-02-04,0.22614426529656217,0.08372986132424437,0.6901258744098637
2021-02-05,0.3918318993548999,0.07577561961460832,0.5323924922086932
2021-02-08,0.2736528062105071,0.1987587056750857,0.52758848847106
2021-02-09,0.2702525490099056,0.24844067295152467,0.48130678256522075
2021-02-11,0.2890422484933344,0.06782419847749063,0.6431335523067152
2021-02-12,0.10190928775639761,0.15692644888180352,0.741164256871811
2021-02-16,0.322025118072383,0.18086215951199205,0.4971127239645699
2021-02-23,0.2044186447940408,0.30839596290873206,0.4871853990366754
2021-02-24,0.29599916407493987,0.26045608557923144,0.4435447519990193
2021-02-25,0.38799772717058656,0.18787523994222283,0.4241270223259926
2021-02-26,0.6639309863288266,0.15834004272862026,0.17772896405464658
2021-03-02,0.2281280417788636,0.06152944755223063,0.710342507029849
2021-03-03,0.31986072851655306,0.2971873139099964,0.38295194801432214
2021-03-04,0.1495040187282673,0.3322692467907324,0.5182267349071757
2021-03-08,0.3417851185808197,0.1131954746117863,0.5450194200906807
2021-03-10,0.38746647264505335,0.1525713743398712,0.45996214866893403
2021-03-11,0.2260705162933658,0.15616094607617206,0.6177685329112513
2021-03-12,0.4218675096421257,0.17466207940144624,0.4034704079810032
2021-03-16,0.41927674789913,0.14891686959573153,0.43180637368509034
2021-03-17,0.4485136675827492,0.24603369415809329,0.30545263498161845
2021-03-18,0.22560477618015173,0.08160147101881754,0.6927937428673937
2021-03-19,0.2577023938851479,0.22091322208655664,0.5213843828300011
2021-03-23,0.2995835655834526,0.21556297442875805,0.4848534699322449
2021-03-24,0.3321370366656293,0.140488853400203,0.5273741155313567
2021-03-26,0.2505761941233242,0.3380934047302614,0.4113304000841736
2021-03-29,0.17742204561857158,0.24404688377669573,0.5785310774810244
2021-03-30,0.44455254347579687,0.10718332620210998,0.4482641245564427
2021-03-31,0.4082543112372816,0.19089295908116943,0.400852730925744
2021-04-01,0.3912799788757877,0.19397041812134078,0.4147496030119834
2021-04-05,0.4634736434704311,0.1842261793882189,0.3523001863904118
2021-04-06,0.31089386341738556,0.19985760301018932,0.4892485315601031
2021-04-09,0.37350052697091507,0.15024404453489787,0.47625543275364457
2021-04-12,0.40360016101336227,0.11718704481562864,0.4792127897906484
2021-04-13,0.3465838371558972,0.1351285914654962,0.5182875714678445
2021-04-14,0.24586143119416795,0.10401681122357355,0.650121761761446
2021-04-15,0.3802487665780516,0.08205490700612857,0.5376963369057074
2021-04-21,0.3395573138689595,0.08947942232316261,0.5709632532308312
2021-04-22,0.16958497561650035,0.20353902205243907,0.6268760017154265
2021-04-23,0.2774965535130112,0.1748723287379564,0.5476311081372186
2021-04-26,0.27898745708016065,0.21706853222055372,0.5039440140817125
2021-04-27,0.33815176819404913,0.23497371388598326,0.4268745167969537
2021-04-28,0.33965306472367396,0.2241691223989309,0.4361778159617577
2021-04-29,0.3553880505678165,0.21775225490304106,0.42685969804200435
2021-04-30,0.23764491831770418,0.34744275609130537,0.4149123196655042
2021-05-03,0.18934212473822135,0.1889455685232338,0.6217123039844622
2021-05-04,0.23997251871780648,0.20226060424937511,0.5577668692878208
2021-05-05,0.25737714276807877,0.17085226119160443,0.5717705873105781
2021-05-06,0.2095670059590635,0.1846131852815647,0.6058198089869667
2021-05-07,0.13996063480726634,0.2371246285049872,0.6229147341401123
2021-05-10,0.21294745540350313,0.2520894223618759,0.5349631236658019
2021-05-11,0.25505554149375165,0.21848238000299616,0.5264620772062123
2021-05-12,0.22052811113637275,0.20920227702375196,0.5702696108796146
2021-05-13,0.3004651072008694,0.23077875785170424,0.46875612889127066
2021-05-14,0.272842994424777,0.23010359591168655,0.4970534118020666
2021-05-17,0.18436236423764873,0.18664116608162992,0.6289964646916679
2021-05-18,0.1882741925569373,0.28298511832321066,0.5287406872035997
2021-05-19,0.13115957387519997,0.222351436017003,0.6464889892759408
2021-05-20,0.20028982956050767,0.20542371943644266,0.5942864557210412
2021-05-21,0.23384441259383365,0.20694706353293493,0.5592085220789706
2021-05-24,0.2601275220838934,0.35268601783349124,0.3871864603477774
2021-05-25,0.18500446577369456,0.21529350362764524,0.5997020282753268
2021-05-26,0.35738429532705945,0.11105742798950034,0.5315582748365133
2021-05-27,0.2372246823110112,0.2500590743363871,0.5127162388997595
2021-05-28,0.16160001259510332,0.3004143615466075,0.5379856240607892
2021-06-01,0.23478184549322167,0.1674912849325182,0.597726856421461
2021-06-02,0.23905954442464067,0.18758096166159755,0.5733594887031463
2021-06-03,0.24534658091988734,0.25161938923355326,0.503034027518588
2021-06-04,0.2652891547363225,0.1608879924090504,0.5738228579444096
2021-06-07,0.2302165978526735,0.15130077580438855,0.6184826262061134
2021-06-08,0.2278223374037934,0.17885510820540665,0.5933225496238327
2021-06-09,0.2596684315325718,0.19502771053019438,0.5453038583216058
2021-06-10,0.18316842735766448,0.2101236872244364,0.6067078854462487
2021-06-11,0.17976655320682267,0.19305895917823093,0.6271744829331539
2021-06-14,0.23504143897855487,0.1965982739452692,0.5683602870603744
2021-06-15,0.21082840813251977,0.15128703293920429,0.6378845580584604
2021-06-16,0.22355392978951533,0.16137254389863637,0.6150735197297574
2021-06-17,0.26604929617833584,0.079583083320922,0.65436761673878
2021-06-18,0.2649713756467985,0.1390089179424722,0.5960197102299553
2021-06-21,0.25546557752178256,0.2350940840950825,0.5094403390970225
2021-06-22,0.23247115556245904,0.24183323205289903,0.5256956152846041
2021-06-23,0.31040790076998576,0.1561548903906244,0.5334372087049855
2021-06-24,0.2521288897698691,0.21847546654862313,0.5293956472588369
2021-06-25,0.29936399977807393,0.19479027865754814,0.5058457226554633
2021-06-28,0.28596824572560753,0.08283048914006874,0.6312012677634533
2021-06-29,0.26017563651949543,0.22666197891888468,0.5131623833215518
2021-06-30,0.23413116234994868,0.17175750399624531,0.5941113373521297
2021-07-01,0.3680283907602817,0.1464203243073347,0.485551290548057
2021-07-02,0.23711571770826895,0.18004028394014754,0.5828440011635746
2021-07-05,0.17762223874269104,0.22799272564152853,0.5943850325984766
2021-07-06,0.294697713191843,0.22167255516678158,0.48362973356604994
2021-07-07,0.24005456888220378,0.2758115500401861,0.48413388450888706
2021-07-08,0.19841312922702234,0.23300615305156183,0.5685807199993322
2021-07-09,0.2646534077440584,0.16608730445670175,0.5692592852832112
2021-07-12,0.20150751006906023,0.2990037183978663,0.49948877422589716
2021-07-13,0.13327616646104185,0.2294991638448564,0.6372246666135531
2021-07-14,0.2826166475351255,0.177440762154133,0.5399425914580679
2021-07-15,0.26888211199744944,0.16919199499727106,0.5619258909286966
2021-07-16,0.24644002067710088,0.2500590647449288,0.5035009167619847
2021-07-19,0.2628923468196377,0.17582583511828329,0.5612818131206537
2021-07-20,0.17927829270040924,0.21343896668608556,0.6072827418431183
2021-07-21,0.1804404312686277,0.07564784154120544,0.7439117188682353
2021-07-22,0.2294992096959727,0.1300250470978689,0.6404757448849998
2021-07-23,0.18372759169623684,0.21580158801381644,0.6004708250556777
2021-07-26,0.31183924170839333,0.19901129107678817,0.4891494647645199
2021-07-27,0.3230489176292282,0.20417421820307027,0.47277686846276534
2021-07-28,0.40789466110721867,0.22576797263976248,0.36633737236782316
2021-07-29,0.27077708502207887,0.13436937883831185,0.5948535305118621
2021-07-30,0.2136016279739001,0.32199656980714747,0.464401796653737
2021-08-02,0.17454055694815157,0.16373389605994498,0.6617255480050863
2021-08-03,0.2556329976145426,0.18211274542304115,0.5622542544089035
2021-08-04,0.2622782214066117,0.21524691437335797,0.5224748606544289
2021-08-05,0.15262399480323263,0.1255410423621352,0.7218349683366705
2021-08-06,0.11560834767976,0.39718180344054765,0.4872098514072908
2021-08-09,0.22222894033005813,0.2466237789699178,0.5311472771728286
2021-08-10,0.16650619593960964,0.3347816733096084,0.4987121264632299
2021-08-11,0.22237323093979047,0.15506755493377083,0.6225592174185864
2021-08-12,0.2889355582081609,0.19699335379043112,0.5140710743351115
2021-08-13,0.1954033486464407,0.1830376970377514,0.6215589587787522
2021-08-16,0.21398463329298642,0.07354682409935674,0.7124685381314428
2021-08-17,0.15995733917560287,0.3559709210303536,0.48407174262234054
2021-08-18,0.2481009068092868,0.26229212735502966,0.48960696454356634
2021-08-19,0.11020984937204048,0.18884715912281536,0.7009429824538529
2021-08-20,0.20688034147447482,0.3226411386709262,0.47047851754123354
2021-08-23,0.2055246290126508,0.26357361876265906,0.5309017512797217
2021-08-24,0.10001362882500327,0.31537572357300964,0.5846106421951421
2021-08-25,0.14142117076449923,0.0844425931210733,0.7741362280729744
2021-08-30,0.1600635655208838,0.08324429516676592,0.756692146195378
2021-09-01,0.2184585435459247,0.07605392466514156,0.705487527182469
2021-09-06,0.23623067464091277,0.08125911447170533,0.6825102261806789
2021-09-09,0.3325820976205431,0.1157202637619692,0.5516976293935566
2021-09-13,0.08977354307281571,0.14568988819107462,0.7645365665015442
2021-09-17,0.20771529763523075,0.22577136289328337,0.5665133359531561
2021-09-21,0.17854778424359594,0.11952309863151597,0.7019291172977948
2021-09-24,0.20037576490313758,0.17825007600812867,0.6213741578132268
2021-09-28,0.33157954044226146,0.026044260400036972,0.6423761948115296
2021-09-30,0.20013108456750278,0.05981075020162794,0.7400581581497807
2021-10-04,0.36382688907906413,0.03355559054762125,0.6026175294537097
2021-10-11,0.17204174096239547,0.09881005729429936,0.7291482009296762
2021-10-13,0.21757148955084174,0.038178770929212465,0.7442497434158822
2021-10-15,0.150385001865335,0.4157769497101888,0.43383805024732125
2021-10-18,0.15905398863315998,0.3215158465421862,0.5194301567247345
2021-10-19,0.26080467317604106,0.029235560502917445,0.709959773624969
2021-10-21,0.26506255021482933,0.05034511603621973,0.6845923333189725
2021-10-22,0.3000635825009298,0.2725301867083105,0.4274062258587067
2021-10-26,0.21691238439576838,0.23653447100189035,0.5465531486167011
2021-10-28,0.13493597832774837,0.14290204321781416,0.7221619826591179
2021-10-29,0.1598560707102313,0.1213533382647121,0.7187905904125763
2021-11-01,0.19583561159120438,0.20835812783134755,0.5958062599797397
2021-11-02,0.2113134351024259,0.17415729974296013,0.6145292670702251
2021-11-03,0.1511082842222419,0.30207570709311976,0.546816016503803
2021-11-05,0.1586204864250358,0.13309130517025733,0.7082882093248416
2021-11-08,0.21495212846797854,0.22316471280606553,0.5618831586159092
2021-11-09,0.07489273401545696,0.3448000010809602,0.5803072653572436
2021-11-10,0.14160420900808876,0.2241537482851875,0.634242029635798
2021-11-12,0.18614361186606798,0.09002000155771661,0.7238363802988566
2021-11-16,0.10643372759480697,0.29917486631645257,0.5943913995395814
2021-11-17,0.19504709885231997,0.10923627159162101,0.6957166283691838
2021-11-18,0.16344699886058894,0.3199386879243957,0.5166143160039922
2021-11-19,0.3283000830324396,0.19686566932270674,0.47483424994675244
2021-11-22,0.16154999386159352,0.1668745098425481,0.671575498795068
2021-11-23,0.19770349008779237,0.19952409874893884,0.6027724134059832
2021-11-24,0.20862517912279477,0.0354216892526231,0.755953132203131
2021-11-25,0.06417024372018534,0.2708235541115176,0.6650062007152221
2021-11-26,0.18497648111707163,0.1280906587964781,0.6869328646551048
2021-11-29,0.1513264200156421,0.29141474502638326,0.5572588386154192
2021-11-30,0.1778784274255382,0.35066378183019153,0.47145778853345655
2021-12-01,0.19009109780903938,0.22762467624226573,0.5822842320425382
2021-12-02,0.20659502598963056,0.23014195102010826,0.563263020502649
2021-12-03,0.07733969953108086,0.26073283322763,0.6619274696355225
2021-12-06,0.2709315695142245,0.18735889477962836,0.5417095338417074
2021-12-07,0.2126187662906624,0.2776947790495606,0.5096864481999889
2021-12-08,0.1501709561848438,0.2786027196096522,0.5712263235997571
2021-12-09,0.1510209361920591,0.1126370670485793,0.7363419978341554
2021-12-10,0.14791270510297283,0.17570886285127701,0.6763784289437044
2021-12-13,0.17107978168468332,0.10329294308161963,0.7256272771375267
2021-12-14,0.10006427636531537,0.18017401580752232,0.7197617030987955
2021-12-15,0.19728169682803348,0.11260251223425752,0.6901157929574588
2021-12-16,0.09181444343059392,0.31805554410274517,0.5901300134618238
2021-12-17,0.14124874677223806,0.2131945385238448,0.645556716622574
2021-12-20,0.11763720058894127,0.311793276924502,0.5705695193747948
2021-12-21,0.20253736026860852,0.16236357202013096,0.6350990674948067
2021-12-22,0.15630708369741836,0.2176329036325629,0.6260600131461226
2021-12-23,0.10917101852903853,0.3339526463676549,0.5568763330047195
2021-12-24,0.09680551228556536,0.4111082294657109,0.4920862511011495
2021-12-28,0.15963982448719904,0.26476153129834573,0.5755986461698344
2021-12-29,0.21451228075113193,0.335579108079611,0.44990861217843797
2021-12-30,0.1580495517607949,0.2114721522611931,0.6304782973558066
2021-12-31,0.3165398869802926,0.10749286528559877,0.5759672496912146
2022-01-03,0.19199662338287332,0.2515498080857677,0.556453572559948
2022-01-04,0.08483285514207986,0.027074596844613552,0.8880925316077012
2022-01-05,0.1770112732571437,0.142139439091393,0.6808492861227339
2022-01-06,0.14842265257172377,0.2915970322386624,0.5599803165301063
2022-01-07,0.11136889730474824,0.3135239167589813,0.5751071817385742
2022-01-10,0.16844639828801639,0.33421311730564945,0.4973404879365884
2022-01-11,0.25403319186287415,0.24559355671085503,0.5003732492246067
2022-01-12,0.16212083488709708,0.21396181625539962,0.6239173469967685
2022-01-13,0.12865512467242993,0.32221769241875675,0.5491271860267655
2022-01-14,0.13040700621068138,0.33675750565957063,0.5328354927507003
2022-01-17,0.13276458139666714,0.20031126715083292,0.6669241524885589
2022-01-18,0.12215264019275544,0.2236653994549033,0.6541819576739506
2022-01-19,0.15018480268339135,0.10231714171568153,0.747498053476347
2022-01-20,0.18835609215116994,0.12509642340854596,0.6865474848481096
2022-01-21,0.21015134120451195,0.31955019794227657,0.4702984616291696
2022-01-24,0.299198681274608,0.02672834475188151,0.674072977022443
2022-01-25,0.2831683262035181,0.12146477993818844,0.595366894248239
2022-01-26,0.20473786785316267,0.2043795287067322,0.590882603899187
2022-01-27,0.2238945670560001,0.1352071743181482,0.6408982584787105
2022-01-28,0.14215699671179846,0.13125901331340603,0.7265839888965843
2022-01-31,0.19022524141386196,0.17293996485129187,0.6368347917602295
2022-02-01,0.181795272980479,0.09680302613604054,0.7214017022374392
2022-02-02,0.20156049445815832,0.38308143251536775,0.4153580713374075
2022-02-03,0.16909288553232918,0.540479590365281,0.29042752295118907
2022-02-04,0.2180619845435961,0.3537779160135549,0.4281600968338108
2022-02-07,0.1689974634330638,0.2607159130096776,0.5702866256100825
2022-02-08,0.15089629144214323,0.3091278850076885,0.5399758194634348
2022-02-09,0.2689394259453313,0.207610461341476,0.5234501067207454
2022-02-10,0.17758855521942987,0.23365920249028344,0.5887522457180064
2022-02-11,0.20517923868675364,0.3204224434676312,0.47439832073636595
2022-02-14,0.09137294254631022,0.4522698313066763,0.4563572267966622
2022-02-15,0.13209833453082379,0.3087478032268638,0.5591538603566134
2022-02-16,0.21328288360307945,0.24250817710880412,0.5442089381260561
2022-02-17,0.1269351490995004,0.15900283140159907,0.7140620254157555
2022-02-18,0.14019824995162794,0.23625010052321252,0.623551648392769
2022-02-22,0.14500400718767537,0.20836892666013698,0.6466270622202247
2022-02-23,0.1830534672738154,0.11962320025563973,0.6973233279825168
2022-02-24,0.15078370055065157,0.16552906367604994,0.6836872370474392
2022-02-25,0.12547862107799396,0.2122686977605195,0.6622526837143428
2022-02-28,0.188138680615398,0.2983892887668728,0.5134720317173145
2022-03-01,0.10074790608618153,0.3991285503883052,0.5001235388876535
2022-03-02,0.1650476843647982,0.20216120407376856,0.632791111946656
2022-03-03,0.1634230710723479,0.16994048548829005,0.6666364429216134
2022-03-04,0.16087694427551857,0.30048172765721176,0.5386413223972764
2022-03-07,0.21588794561844973,0.08002033443399108,0.7040917173096222
2022-03-08,0.16298155407743264,0.10196204137303991,0.7350564101004285
2022-03-09,0.1670828459908565,0.23662304563861752,0.5962941064602798
2022-03-10,0.19154718310206978,0.1542091310267647,0.6542436889506777
2022-03-11,0.10050593470220252,0.3977460031938673,0.5017480633448111
2022-03-14,0.16903136025647822,0.3311020549469911,0.49986658970353065
2022-03-15,0.1884443432431956,0.22561039134910246,0.585945264707668
2022-03-16,0.1540768258044776,0.20154491447810008,0.644378256399223
2022-03-17,0.13493895159015268,0.3096974102193578,0.5553636423236364
2022-03-18,0.0654878038117962,0.4213708242726152,0.5131413741887232
2022-03-21,0.09676736888392973,0.37577880678654707,0.5274538250554328
2022-03-22,0.2787151391984255,0.2565492968446351,0.4647355562657433
2022-03-23,0.25837317203025206,0.23085154320047907,0.5107752891847541
2022-03-24,0.3521892785882721,0.015523111155161109,0.6322876135221659
2022-03-25,0.19541650106336708,0.17906039650989322,0.6255231068752994
2022-03-28,0.14506191853433847,0.4704686392797157,0.38446945417672396
2022-03-29,0.13340774841947092,0.1848176646983888,0.6817745882688616
2022-03-30,0.1562730831907749,0.18288477794013044,0.6608421375359138
2022-03-31,0.18937258323836717,0.2330819755981983,0.5775454391641853
2022-04-01,0.15997026400346798,0.2768203667292948,0.5632093604044279
2022-04-04,0.11505534386920982,0.2063943106673985,0.6785503467198708
2022-04-05,0.20084401553197861,0.19570150753268378,0.6034544799657202
2022-04-06,0.13703283308379102,0.19926914425523748,0.6636980167730954
2022-04-07,0.14366344681580437,0.3460489154832798,0.5102876414168568
2022-04-08,0.165443279330569,0.17266476731791305,0.6618919582228043
2022-04-11,0.17425544596839507,0.18302703210494187,0.6427175218616009
2022-04-12,0.22318641845353776,0.13541153106582587,0.6414020484326826
2022-04-13,0.19907148479425313,0.12268528545369764,0.6782432316400476
2022-04-14,0.13070751477513887,0.18994067572331216,0.679351809758101
2022-04-15,0.16948536373570572,0.1436940978696986,0.6868205398796274
2022-04-18,0.19241153049594184,0.19284692996849603,0.6147415373508346
2022-04-19,0.19316555184132655,0.1192850625917939,0.6875493847537508
2022-04-20,0.16705124448810738,0.07481799181856691,0.7581307606784581
2022-04-21,0.14703114053283067,0.2987710847043036,0.5541977804476923
2022-04-22,0.13677231152331984,0.21633074100446362,0.6468969487251336
2022-04-25,0.16950684325201262,0.14019863186398265,0.6902945271850539
2022-04-26,0.2289354498264654,0.1864035393080008,0.5846610082174939
2022-04-27,0.31699160964987727,0.3277138628172699,0.35529452921257515
2022-04-28,0.3483474969045785,0.27633700128854904,0.37531550163956473
2022-04-29,0.18305205484813544,0.36520021519586354,0.45174773143068786
2022-05-02,0.19733103632290333,0.17384816276412815,0.628820798297138
2022-05-03,0.20547502927725364,0.14320695834686792,0.6513180132461406
2022-05-04,0.2293206446983422,0.22568386234405488,0.5449954911864392
2022-05-05,0.2068569705470303,0.2307394852539216,0.5624035434884794
2022-05-06,0.16283523707593647,0.20927007581259147,0.6278946899639103
2022-05-09,0.15500342892504312,0.22720749945485774,0.6177890698876083
2022-05-10,0.1624048499322713,0.34514065828839796,0.4924544814825704
2022-05-11,0.1595723463661729,0.27768386409399354,0.5627437932873552
2022-05-12,0.13408732954769084,0.20253923491612658,0.6633734393140657
2022-05-13,0.15198890898715522,0.17001250811583615,0.6779985873669753
2022-05-16,0.17317783918776988,0.30474899881439776,0.5220731668174267
2022-05-17,0.11805897576526354,0.22311482855286535,0.6588261944528647
2022-05-18,0.14521734556539728,0.2431547708787258,0.6116278831031882
2022-05-19,0.21124908992237315,0.1516482457852325,0.6371026617853655
2022-05-20,0.21252168596283266,0.2582946793052281,0.5291836376506579
2022-05-23,0.10135132539318996,0.29335240276497243,0.6052962695201064
2022-05-24,0.14759981959415902,0.37277627558844845,0.47962390048193865
2022-05-25,0.20402388481311146,0.26399717320877725,0.531978937186779
2022-05-26,0.15924205128551278,0.20740565085177137,0.63335230471294
2022-05-27,0.218687031733389,0.17447479156642437,0.6068381691035534
2022-05-30,0.1458837320810011,0.18547030794982658,0.6686459653631343
2022-05-31,0.20780476239783813,0.09266557996155643,0.6995296551561943
2022-06-01,0.138090358446456,0.18106988563822451,0.6808397563812961
2022-06-02,0.16598781915171812,0.2319405362424052,0.6020716415414479
2022-06-03,0.16493482804985204,0.2819474216172045,0.5531177511462172
2022-06-06,0.19025773091403642,0.12402886024173206,0.6857134090603302
2022-06-07,0.13397306019416952,0.2696151698982371,0.5964117697135191
2022-06-08,0.1454920743790168,0.2994362131986613,0.5550717162584129
2022-06-09,0.10828954826226823,0.29360471391512627,0.5981057399363602
2022-06-10,0.13428732171338045,0.2746102302003508,0.5911024477866537
2022-06-13,0.1403003654806772,0.1670792334316589,0.6926204001309112
2022-06-14,0.16209322057068273,0.19107020552462486,0.6468365781792446
2022-06-15,0.1659109609766325,0.207952537383605,0.6261364991907451
2022-06-16,0.1956666622844417,0.20079550541222982,0.6035378289268265
2022-06-17,0.15121824716811466,0.10543713981645148,0.7433446107586922
2022-06-20,0.20342313646311183,0.1503552503212995,0.6462216131939976
2022-06-21,0.19681256188223623,0.17519047433628981,0.6279969649527075
2022-06-22,0.18803727832922504,0.17208082482384174,0.6398818913047003
2022-06-23,0.11018800481568161,0.19899037299042852,0.6908216161397063
2022-06-24,0.1712957122582358,0.26136174237672716,0.5673425488897555
2022-06-27,0.23409135255746277,0.13654934146099326,0.6293593016905944
2022-06-28,0.09729386278833951,0.23988408251749924,0.6628220541596118
2022-06-29,0.19216803079420283,0.16401931971073286,0.6438126452416005
2022-06-30,0.1667596098768796,0.32070402076890947,0.5125363735171914
2022-07-01,0.12515663698682508,0.374025616613163,0.5008177449942026
2022-07-04,0.26829985088140473,0.13336287204622788,0.5983372779316622
2022-07-05,0.1581022317508104,0.288357157557976,0.5535406065643611
2022-07-06,0.17525473759535387,0.15721597821511507,0.6675292851900321
2022-07-07,0.16799349901641442,0.2133311467353321,0.618675356246781
2022-07-08,0.11958769374567135,0.2715750309705474,0.6088372707844645
2022-07-11,0.1360702087957055,0.30297818816020505,0.5609516065341987
2022-07-12,0.16030024192415598,0.2650960975670087,0.5746036599360332
2022-07-13,0.1426406698322756,0.2588006239100748,0.5985586938743696
2022-07-14,0.1633078041660412,0.1566899351953144,0.6800022582892687
2022-07-15,0.14022712686967415,0.1290151804706381,0.7307576988543615
2022-07-18,0.21530999524284702,0.20016371072344005,0.5845262913180296
2022-07-19,0.19020839926355398,0.22708872534468905,0.5827028783527024
2022-07-20,0.16049870259678548,0.32546393358132913,0.5140373601799756
2022-07-21,0.1659258121293502,0.312538884657003,0.5215353046097567
2022-07-22,0.1889381093537866,0.3195412878204359,0.49152060122613467
2022-07-25,0.1788051546908302,0.2829439786631842,0.5382508655780047
2022-07-26,0.22314644628936828,0.22386873774417368,0.5529848145142835
2022-07-27,0.21014319442413104,0.3994521640597249,0.39040464148287934
2022-07-28,0.21282484313669647,0.44627673029709397,0.34089842826391886
2022-07-29,0.13989440490752272,0.2880946099951554,0.5720109881895622
2022-08-01,0.17929970187681396,0.2990458772787576,0.521654418864156
2022-08-02,0.1782068200345622,0.18963660910626706,0.6321565707655424
2022-08-03,0.20143069929695148,0.20299134046048664,0.5955779588265501
2022-08-04,0.20779572101754298,0.23524517776744805,0.5569591024354011
2022-08-05,0.21758409899278688,0.21313313990664573,0.5692827636101495
2022-08-08,0.21188828996557074,0.2503396384211412,0.5377720701044577
2022-08-09,0.1751676952127385,0.1861073991271198,0.6387249053685973
2022-08-10,0.1926475396387469,0.25210078973248845,0.5552516690788026
2022-08-11,0.12760066758970792,0.2114602385751189,0.6609390924234292
2022-08-12,0.15315426588466516,0.17080623501762893,0.6760395024353558
2022-08-15,0.1720553602288103,0.12907330406480733,0.6988713330334263
2022-08-16,0.1769684148954232,0.22533581252608423,0.5976957740008277
2022-08-17,0.1591751987857357,0.13815695149524604,0.7026678473820218
2022-08-18,0.14496325315700917,0.2241318038254287,0.6309049409951408
2022-08-19,0.18612799439979386,0.32258690783310384,0.4912851008808085
2022-08-22,0.14446501034845438,0.19223207897645053,0.6633029152521759
2022-08-23,0.1268354350585786,0.20361447558918291,0.6695500843993955
2022-08-24,0.19414448696310949,0.2867576412708962,0.5190978686285009
2022-08-25,0.10946649683073036,0.2728930621014706,0.6176404432339985
2022-08-26,0.1559670616303676,0.18061638745804715,0.6634165532337354
2022-08-29,0.22107583057689031,0.20477539187735416,0.5741487758541198
2022-08-30,0.19422142413389828,0.1162826533925241,0.6894959252274011
2022-08-31,0.16184560270266773,0.3276355739085853,0.5105188262813578
2022-09-01,0.21815672379409604,0.19882748456355273,0.5830157926391399
2022-09-02,0.3074631239585521,0.1453276851206893,0.5472091885165103
2022-09-05,0.19103989447156589,0.23096748434391526,0.5779926208980263
2022-09-06,0.14275298451379076,0.2227129972532448,0.634534023283739
2022-09-07,0.1445557259529085,0.19257274680502773,0.662871526183249
2022-09-08,0.17822884551663293,0.22730720580070113,0.5944639490123352
2022-09-09,0.18029690218911115,0.2283797564337989,0.5913233381218125
2022-09-12,0.1726749207084245,0.19213746839439338,0.6351876121441629
2022-09-13,0.16643391632377652,0.28888283432258294,0.5446832473490174
2022-09-14,0.1423248772132173,0.32080896189663244,0.5368661686649323
2022-09-15,0.23128640062712405,0.2268815393009136,0.5418320607598106
2022-09-16,0.13155970485621216,0.27401656696750293,0.5944237300279696
2022-09-19,0.16029527702723892,0.3138015412995912,0.5259031791276935
2022-09-20,0.1790024171196211,0.20616988945194215,0.6148276925869064
2022-09-21,0.14702413271782372,0.41694213838705246,0.43603372599449913
2022-09-22,0.14607608944426717,0.3528568755853047,0.5010670342985206
2022-09-23,0.15909477640961983,0.2216226052284046,0.6192826246983487
2022-09-26,0.15880261869701529,0.2130422964672216,0.628155086240879
2022-09-27,0.10457813030021251,0.34739266683449854,0.5480292014332483
2022-09-28,0.14051965739367128,0.32861265651553906,0.5308676847740569
2022-09-29,0.13514065270127992,0.3232484391793241,0.5416109116310492
2022-09-30,0.2550875152428306,0.22786488721150117,0.5170475955666293
2022-10-03,0.24406513805035504,0.11652726198349331,0.639407611517753
2022-10-04,0.23526171754400327,0.2045298437586608,0.5602084392005667
2022-10-06,0.1488887905934395,0.2851378707799345,0.5659733403426213
2022-10-07,0.1391700913679305,0.31682320582251644,0.5440067015833078
2022-10-10,0.17328866994166417,0.14228220004871034,0.6844291241540031
2022-10-11,0.21618788002854133,0.1012957114711123,0.6825164100300154
2022-10-12,0.17572631555386548,0.13723510082928592,0.6870385854172104
2022-10-13,0.1631667544379544,0.27016223678056234,0.56667101333546
2022-10-14,0.1562910638203296,0.1745232539898539,0.6691856815816137
2022-10-17,0.1601607819018381,0.2442281456811287,0.5956110729061095
2022-10-18,0.18699014889371124,0.3236406812818984,0.48936917182692063
2022-10-19,0.16677841627353,0.23472215556851342,0.5984994268209757
2022-10-20,0.1489150468585963,0.2744154101317386,0.5766695421283926
2022-10-21,0.1607317730967904,0.3277020660108025,0.5115661652660408
2022-10-24,0.20065945458787143,0.39373008128623804,0.4056104621661737
2022-10-25,0.1767025362605138,0.3581667318792934,0.46513072861051424
2022-10-26,0.2179899249182331,0.4431273003426666,0.3388827737630356
2022-10-27,0.20085743731652173,0.40142041558952124,0.39772214765979924
2022-10-28,0.21404796920121025,0.407598924103965,0.37835310693505664
2022-10-31,0.136842124326144,0.33596386438486386,0.5271940144712906
2022-11-01,0.22812989390485147,0.13488605359454972,0.6369840480343163
2022-11-02,0.20877064902674425,0.2051852124804016,0.5860441379934199
2022-11-03,0.20514782336516038,0.3274426494700143,0.46740952955762927
2022-11-04,0.1614567002228065,0.23463519596794385,0.6039081055652517
2022-11-07,0.20073689656553012,0.47027662272605464,0.32898647829966826
2022-11-08,0.17861679155559884,0.3947007274791884,0.4266824818616611
2022-11-09,0.1538495094466166,0.511138972433706,0.33501152100998693
2022-11-10,0.13707421463949598,0.3931433954457529,0.4697823898939928
2022-11-11,0.13384585630739415,0.3812835986291378,0.48487054624275927
2022-11-14,0.14121124485754324,0.40586938322774596,0.4529193709652402
2022-11-15,0.19483867173416217,0.31602005932315524,0.4891412622560712
2022-11-16,0.12638012419701947,0.3923370193254265,0.481282856589464
2022-11-17,0.13998956219242265,0.32179878749291213,0.5382116521608007
2022-11-18,0.156028551947157,0.21181916493872746,0.6321522825377548
2022-11-21,0.14057078661429953,0.29129322186893597,0.5681359886100392
2022-11-22,0.145747474298601,0.28157889223254856,0.572673633098266
2022-11-23,0.13458528639913359,0.36637314532064164,0.4990415667432606
2022-11-24,0.1657040043369836,0.09001982539456037,0.74427616682844
2022-11-25,0.13094177322440542,0.12773249936964895,0.7413257234080114
2022-11-28,0.0892440046852475,0.5328676466907685,0.3778883531581217
2022-11-29,0.11100227034162985,0.3403605200605348,0.54863720864479
2022-11-30,0.17647393991360788,0.28772684163954637,0.535799221314052
2022-12-01,0.17183819241441176,0.3197086700688824,0.5084531380341921
2022-12-02,0.23645436714445922,0.27707909061408514,0.48646653735509227
2022-12-05,0.17106061755318105,0.2650744485501077,0.5638649329291016
2022-12-06,0.11289261188969292,0.3530224430236745,0.5340849438998079
2022-12-07,0.17287532995973212,0.23892495498783592,0.5881997156431157
2022-12-08,0.15914802283882168,0.29116109808810586,0.549690878217829
2022-12-09,0.1676248331187078,0.1851777843835477,0.6471973797324329
2022-12-12,0.183537504796907,0.19635550877554123,0.6201069856178164
2022-12-13,0.19944970652723976,0.20359978566457881,0.5969505097434081
2022-12-14,0.16187648645283031,0.31585944244931413,0.5222640718304039
2022-12-15,0.14420099770531009,0.2827512194967911,0.5730477821659951
2022-12-16,0.2480563882096973,0.24330182898133676,0.5086417801644939
2022-12-19,0.16679408062236536,0.32452051904319,0.5086854009200118
2022-12-20,0.14112300105924686,0.34774166535375517,0.5111353320050873
2022-12-22,0.18868560956630534,0.2905600097249887,0.5207543829880139
2022-12-23,0.24297414869294245,0.3376731122977042,0.4193527345391416
2022-12-26,0.1624329859351224,0.025331296442829547,0.8122357209312155
2022-12-27,0.13281598527969507,0.49511275122539794,0.3720712668182487
2022-12-28,0.17446202020312562,0.3110718063032231,0.5144661709861273
2022-12-29,0.15263621888977164,0.3377969993938071,0.5095667846966535
2023-01-03,0.15906244265880304,0.3651469613337016,0.47579059621472464
2023-01-04,0.10346514026822527,0.49983765966797905,0.39669719977886925
2023-01-05,0.1523909759307695,0.23446303293987092,0.6131459921807675
2023-01-06,0.27702225348303644,0.19285219224534972,0.5301255535154434
2023-01-09,0.19302331792972077,0.3503113380866531,0.4566653428521265
2023-01-10,0.16465072232606373,0.34431570294423786,0.4910335755627251
2023-01-11,0.14494592590844624,0.29879917431552394,0.5562549013051415
2023-01-12,0.17108976810046533,0.22722408564888827,0.6016861466814833
2023-01-13,0.11097970790606547,0.2544065847708061,0.634613709496791
2023-01-16,0.14290015646256507,0.19138580234721303,0.665714056417346
2023-01-17,0.1456505076287492,0.31340455796215977,0.5409449372331212
2023-01-18,0.18535022625440464,0.34607252547805717,0.4685772511689452
2023-01-19,0.14647011875093527,0.311969774425002,0.5415601039587381
2023-01-20,0.1517574274787726,0.3481886520757538,0.5000539253913994
2023-01-23,0.23348959589868948,0.18653659618638144,0.5799738107005047
2023-01-24,0.2273558979843643,0.26572255559371744,0.5069215444156719
2023-01-25,0.13915185497227403,0.33722107998509454,0.523627063731285
2023-01-26,0.22120086800884478,0.31487007641730363,0.46392905430019254
2023-01-27,0.21211722246938955,0.2878997843237557,0.49998299672135554
2023-01-30,0.22980221047100766,0.2683142522316462,0.5018835373716674
2023-01-31,0.26119548706002554,0.23810039919858736,0.5007041126064103
2023-02-01,0.28144589930380737,0.36600222437904295,0.35255187819729833
2023-02-02,0.37505536225120617,0.3600253975574345,0.26491924000332356
2023-02-03,0.3134242912559144,0.35309675213140623,0.33347895666611305
2023-02-06,0.22861078831649786,0.3644270259959226,0.4069621861354155
2023-02-07,0.25162089278262245,0.17937410908517218,0.5690050002921149
2023-02-08,0.27528382482739633,0.23206347446428907,0.4926527033134874
2023-02-09,0.26061234157052837,0.2851674313771063,0.4542202274201456
2023-02-10,0.18952248811279276,0.22742117255694164,0.5830563368253099
2023-02-13,0.23670410574282014,0.3393944051847314,0.42390148942092826
2023-02-14,0.3235388002314729,0.20854505174411775,0.4679161480055138
2023-02-15,0.20558256474740613,0.26562845937389135,0.5287889710731541
2023-02-16,0.22421053713096536,0.19507615659830502,0.5807133023873509
2023-02-17,0.25946270869172944,0.3625084757705235,0.37802881741597233
2023-02-20,0.1669102065300958,0.20182607837947147,0.6312637157931308
2023-02-21,0.21878060236825755,0.19495678772488578,0.5862626105413982
2023-02-22,0.17318349870064512,0.33966503471325643,0.4871514688001355
2023-02-23,0.23261611754917796,0.2046604932134045,0.5627233900096115
2023-02-24,0.20095715616056,0.20528279002863759,0.5937600592566179
2023-02-27,0.2298728534533654,0.21287704120626516,0.5572501037552421
2023-02-28,0.2616768098010033,0.05681983964890372,0.6815033504633861
2023-03-01,0.25005387427458925,0.14864528648513817,0.6013008385486113
2023-03-02,0.2151545477232086,0.22972934774675532,0.5551161070194133
2023-03-03,0.26836153148852376,0.2768351475354313,0.45480331934649343
2023-03-06,0.27057817595950184,0.25755593016821127,0.4718658907689927
2023-03-07,0.18069139572706702,0.41669026964568884,0.4026183349986076
2023-03-08,0.20711446516094556,0.30488445282535,0.4880010832926801
2023-03-09,0.21299377249260146,0.1263252624001827,0.6606809667480169
2023-03-10,0.15684082445837697,0.29934323343554026,0.5438159435251875
2023-03-13,0.24070754164145086,0.22925571152632468,0.5300367471198557
2023-03-14,0.19676460308431293,0.4849679837032178,0.31826741351028165
2023-03-15,0.3197301474397402,0.26269917638184853,0.4175706739073852
2023-03-16,0.2507451954798129,0.31195438124801456,0.43730042167390715
2023-03-17,0.25405151399591763,0.19642083506111607,0.5495276517161332
2023-03-20,0.11143894176496436,0.44339496241678444,0.44516609945850166
2023-03-21,0.31744782859432896,0.23724714055800017,0.4453050297255046
2023-03-22,0.261929066230649,0.15133744598140733,0.5867334886178671
2023-03-23,0.2775091194936041,0.21387692295627156,0.5086139559825391
2023-03-27,0.38858572787058077,0.20530830257037444,0.40610597525923364
2023-03-28,0.17676402912730962,0.4681929235737694,0.3550430452507159
2023-03-29,0.3092793133683203,0.2876139440655219,0.4031067386993384
2023-03-30,0.19660798450852787,0.2563361142112902,0.5470558988241152
2023-03-31,0.15293269177035626,0.4881700088174296,0.3588973004489073
2023-04-03,0.4585870305675285,0.2916771385436959,0.24973583499218546
2023-04-04,0.6672590598153572,0.21000401894561946,0.12273691169296701
2023-04-05,0.29139847104587574,0.18196481487796481,0.5266367127866093
2023-04-06,0.2105995015319592,0.30562730538651817,0.48377319967502613
2023-04-07,0.1199725643017762,0.2675065663523457,0.6125208690238292
2023-04-10,0.2109389221189147,0.34719226744256926,0.4418688111002993
2023-04-11,0.22384576239942558,0.21586662307502433,0.5602876151983804
2023-04-12,0.2411291102171322,0.17390939175340553,0.5849614979270809
2023-04-13,0.3658665815220103,0.18821227311449626,0.4459211499852159
2023-04-14,0.17869620598683822,0.37932374386464895,0.4419800508886068
2023-04-17,0.3361341837848212,0.188645457788691,0.47522035959539743
2023-04-18,0.13200717682193205,0.21965263920725628,0.648340189605307
2023-04-19,0.11959189517261767,0.34646980799332433,0.5339382953311185
2023-04-20,0.17351323475615146,0.3990878674217322,0.4273988967134474
2023-04-21,0.20322155341068193,0.32307738606747893,0.4737010589893145
2023-04-24,0.20174829256891647,0.23323124627670994,0.5650204624765555
2023-04-25,0.2614166471044038,0.21631062270005302,0.522272732521795
2023-04-26,0.34216099381377624,0.3146083701930129,0.34323063377127977
2023-04-27,0.34882724837958123,0.2807492678500777,0.3704234828779534
2023-04-28,0.3635901022209395,0.2534455713236712,0.3829643305700294
2023-05-01,0.28829432897814594,0.27864245237372504,0.43306321410386306
2023-05-02,0.24742696963653968,0.158118021844796,0.5944550020284576
2023-05-03,0.114567450531261,0.3938763155473632,0.49155623420874495
2023-05-04,0.18207604644720798,0.30355520064621955,0.5143687538688653
2023-05-05,0.27979959473678767,0.30636570310585004,0.4138346961832496
2023-05-08,0.2155738277463536,0.2351298174128754,0.5492963514646773
2023-05-09,0.2422107518379803,0.13489273230903723,0.6228965169306813
2023-05-10,0.2544462122861176,0.1463921064283206,0.5991616782262933
2023-05-11,0.2544707814338882,0.24130782732421466,0.5042213923228235
2023-05-12,0.3035994363475189,0.14870081081732908,0.5476997535030905
2023-05-15,0.4892168285915824,0.14673909359214038,0.36404408389030984
2023-05-16,0.2900409591037343,0.14438233878756915,0.5655767030466186
2023-05-17,0.24721896949144115,0.18236867090965891,0.5704123579240084
2023-05-18,0.24210619198505615,0.18488988501806602,0.5730039201504842
2023-05-19,0.23431183712323542,0.18380069457667558,0.5818874687868065
2023-05-22,0.17036971067661477,0.4663938643643375,0.3632364229977211
2023-05-23,0.22440020825664114,0.2725606871712543,0.5030391013710511
2023-05-24,0.19102093285679106,0.5216554673780904,0.2873236011335007
2023-05-25,0.2986108660219617,0.2169132315715354,0.4844758978014541
2023-05-26,0.3115325480740669,0.26700686812475477,0.4214605800924458
2023-05-29,0.2090342356113667,0.15915280741387444,0.6318129613122172
2023-05-30,0.2858195138713776,0.14150396692275222,0.5726765208661969
2023-05-31,0.14762332267426187,0.3078015991927777,0.5445750720884084
2023-06-01,0.2109773391321706,0.20541449931286254,0.5836081598502479
2023-06-02,0.1949014246249576,0.26134549947340774,0.5437530770070789
2023-06-05,0.17358521604199123,0.14063302024199165,0.6857817646177243
2023-06-06,0.22092104424579448,0.1801189854459506,0.598959970358455
2023-06-07,0.2603970342787326,0.2022792356543699,0.5373237256468689
2023-06-08,0.21103567252618335,0.1946288049205369,0.594335523063166
2023-06-09,0.19617047467480095,0.1057683991162737,0.6980611252841522
2023-06-12,0.14608375971544196,0.09997448339867829,0.7539417502830144
2023-06-13,0.2680421565272528,0.08162512231457432,0.6503327214695971
2023-06-14,0.26376564854125945,0.16052087618642555,0.575713473222469
2023-06-15,0.23857964719728333,0.13560204381780802,0.625818304565355
2023-06-16,0.2123488004992649,0.2122831431482015,0.5753680604792794
2023-06-19,0.26239219511903467,0.0460952174918795,0.6915125839865555
2023-06-20,0.27210556671696084,0.05701186833948984,0.6708825623184911
2023-06-21,0.29296872165133997,0.18954426225240928,0.5174870200734951
2023-06-22,0.16271153897812535,0.24460754165441934,0.5926809221119319
2023-06-23,0.15189701884913281,0.29067499416990245,0.5574279791203826
2023-06-26,0.19822204258231843,0.17259119624898187,0.6291867626212834
2023-06-27,0.2668168883828757,0.1428894682588196,0.5902936435069549
2023-06-28,0.23741732320658643,0.2284227014907759,0.5341599689682622
2023-06-29,0.17052241810721633,0.19213022075580444,0.637347360966603
2023-06-30,0.3191762721280692,0.20681926950318563,0.47400446183263195
2023-07-03,0.2947920217734272,0.11256023555722008,0.5926477398087796
2023-07-04,0.12720828957162048,0.24815645840438058,0.6246352526851253
2023-07-05,0.17523483474567284,0.2308667608213407,0.5938984037429536
2023-07-06,0.13556926421016222,0.2320965905095793,0.6323341424283997
2023-07-07,0.12616992103046815,0.2547680516623642,0.6190620288259746
2023-07-10,0.16887584982033269,0.286965631866855,0.544158520904128
2023-07-11,0.1858505457347559,0.20962361654988315,0.6045258373387418
2023-07-12,0.16286870938628847,0.20126532900248692,0.6358659614249312
2023-07-13,0.26358207232998493,0.2220956827009407,0.5143222471388678
2023-07-14,0.26952234073845366,0.32058870845650905,0.40988895105171247
2023-07-17,0.15830507903073,0.2684691459028726,0.5732257786828445
2023-07-18,0.2864993558330057,0.13876464637956612,0.5747360014349997
2023-07-19,0.21591678765186756,0.21553138974480723,0.5685518229600026
2023-07-20,0.2602440325826884,0.20054028905464347,0.5392156774066802
2023-07-21,0.2632360274768536,0.1519726065483592,0.584791366044123
2023-07-24,0.20261344671289128,0.17645668668656464,0.620929869297785
2023-07-25,0.20603589378292822,0.19903300548135325,0.5949311008961129
2023-07-26,0.4483506459153628,0.1959920567840195,0.35565729717539935
2023-07-27,0.3278773688900462,0.23000529760537033,0.4421173329956132
2023-07-28,0.2981262439328815,0.2282972473673528,0.47357651087058217
2023-07-31,0.2887274231559596,0.15556556608028596,0.5557070129592205
2023-08-01,0.18362152716768707,0.20563254131714023,0.6107459302803742
2023-08-02,0.18926861513616877,0.16354751004032259,0.6471838790396348
2023-08-03,0.20632947406379437,0.15332093290260593,0.6403495958201845
2023-08-04,0.22964651581333984,0.2590412650110543,0.5113122189509429
2023-08-07,0.2047517000995059,0.2067411823163706,0.5885071163863392
2023-08-08,0.15176829679285972,0.25801483427083743,0.5902168669799711
2023-08-10,0.1661459649126246,0.2823936891854469,0.5514603491349499
2023-08-14,0.32380624155048277,0.18490823155734687,0.4912855266748617
2023-08-15,0.22273893121705945,0.11129692858611151,0.665964144886588
2023-08-17,0.1912553614197624,0.2977025813157005,0.511042068425625
2023-08-18,0.2313174621425742,0.3411162510773017,0.42756628234188176
2023-08-21,0.16349889016250707,0.3925042619783231,0.44399684703373626
2023-08-22,0.23468803624592555,0.17991197487507496,0.585399989383968
2023-08-23,0.17572016908204452,0.1994667010659201,0.6248131360020358
2023-08-24,0.23154204828474537,0.10607125759473325,0.6623866937179846
2023-08-25,0.13431784533068733,0.11538000694916857,0.7503021448874526
2023-08-28,0.138198752813766,0.2561081266375249,0.6056931176269805
2023-08-29,0.22385287129135562,0.24363782829711808,0.5325092970154458
2023-08-30,0.17049629216165288,0.23128591179147062,0.5982177989377742
2023-08-31,0.2620358361544555,0.08167220654485077,0.6562919543440783
2023-09-01,0.1958340340525577,0.19645166668700495,0.6077142984472607
2023-09-04,0.09689721083521372,0.07627273762393547,0.8268300529125499
2023-09-05,0.22978914747721557,0.2131180656679386,0.557092786446792
2023-09-06,0.17411725711868095,0.31228252635608694,0.5136002142229907
2023-09-07,0.17435548951228458,0.09155753788331317,0.7340869591467911
2023-09-08,0.1334968320223089,0.2687742216033157,0.5977289479688275
2023-09-11,0.2972945519180372,0.20430089620759878,0.49840455523776156
2023-09-12,0.2596328642205549,0.1885351152378355,0.55183202200252
2023-09-13,0.22131034422436108,0.09254806590733072,0.6861415898202504
2023-09-14,0.3396470443149781,0.06974282361949743,0.5906101332325671
2023-09-15,0.21696534290007555,0.20447313794150154,0.5785615203821527
2023-09-18,0.23343882432270685,0.19599531362363828,0.570565860518609
2023-09-19,0.6886766975124677,0.02284791103253762,0.2884753809000055
2023-09-20,0.24383576898220752,0.12364919510010211,0.6325150361933923
2023-09-21,0.1950645405813112,0.20587552111644036,0.5990599373735341
2023-09-22,0.19643757710466164,0.21633804434049378,0.5872243782586682
2023-09-25,0.1812584629077502,0.22479983061226588,0.5939417086419669
2023-09-26,0.2318736723746759,0.21122227338324207,0.5569040525178897
2023-09-27,0.18205514622766378,0.09419819602529862,0.723746657075141
2023-09-28,0.21993081052659058,0.12119371932553445,0.6588754738649836
2023-09-29,0.24519826485557075,0.12007576512147661,0.634725966034615
2023-10-02,0.41608114506122934,0.19179264426313958,0.3921262101150964
2023-10-03,0.17078848923784948,0.22130867735513834,0.6079028339587519
2023-10-04,0.20101512589591364,0.3107062023626079,0.48827867332778846
2023-10-05,0.25580679987113436,0.17574648568284917,0.5684467124263342
2023-10-06,0.12346059663018537,0.14974816091568888,0.7267912310783957
2023-10-09,0.15321043280451882,0.13758445145071713,0.7092051157250804
2023-10-10,0.1513948439614867,0.15503140519078734,0.6935737525049382
2023-10-11,0.22852638799409192,0.21702330367863393,0.554450311258983
2023-10-12,0.16435248898374866,0.2919277559710743,0.543719753223181
2023-10-13,0.12802875304553724,0.2311248985676073,0.6408463474263683
2023-10-16,0.1433880503179,0.42606665324339865,0.4305452973698347
2023-10-17,0.20067088231400063,0.0965678670463522,0.7027612531725453
2023-10-18,0.2070871903220694,0.24516343789215322,0.547749374806608
2023-10-19,0.14231789748665286,0.22699488267335577,0.630687220243323
2023-10-20,0.23198297021899297,0.2801937717305203,0.4878232530307425
2023-10-23,0.20850511214690337,0.15503507524631652,0.6364598152987491
2023-10-24,0.17587718447578404,0.35693630503319657,0.4671865106083779
2023-10-25,0.3984556940384448,0.26220009481914164,0.33934421516792473
2023-10-26,0.25294098806289855,0.32618323899470736,0.4208757729040319
2023-10-27,0.1626799089458437,0.30398620138715765,0.5333338843331623
2023-10-30,0.20789981459976695,0.13728793860743202,0.6548122468424434
2023-10-31,0.21826720116311457,0.1746000774088533,0.6071327244209392
2023-11-01,0.1517592958276618,0.2414726542725259,0.6067680501881294
2023-11-02,0.18102287374668058,0.13625937737490523,0.6827177471285554
2023-11-03,0.28088933586248405,0.16538579805051729,0.5537248684461338
2023-11-06,0.31957798730769493,0.11379323924688631,0.5666287770162491
2023-11-07,0.1669044015761084,0.1968520982511005,0.6362435007987502
2023-11-08,0.1270581194004581,0.274141037875497,0.5988008469217452
2023-11-09,0.16967786990033548,0.242164466289441,0.5881576645567552
2023-11-10,0.23197649468197445,0.15052760000074322,0.6174959085658767
2023-11-13,0.2908430489375496,0.12963639791662865,0.5795205510100586
2023-11-14,0.22184281154325478,0.24345394833068248,0.5347032404781064
2023-11-15,0.253630494701806,0.18685345679489193,0.5595160463903858
2023-11-16,0.2652246837650157,0.12726622385074943,0.6075090921316371
2023-11-17,0.2055591895040943,0.1375931190585716,0.6568476924506359
2023-11-20,0.22588936141685484,0.13082527118462708,0.6432853688888337
2023-11-21,0.2966020878412355,0.29337759597670104,0.4100203223429647
2023-11-22,0.34460361877966583,0.27615972578411785,0.3792366545106637
2023-11-23,0.22151908863038935,0.1664231230737564,0.612057783794851
2023-11-24,0.3593904888545786,0.04298086649128432,0.5976286383349569
2023-11-27,0.19226682641501536,0.3590116136909316,0.44872156388699785
2023-11-28,0.23729800967408035,0.21774895956533918,0.5449530305988798
2023-11-29,0.23152569471274706,0.2110943027955753,0.5573799947779962
2023-11-30,0.1291134836745219,0.35843198430733864,0.5124545324661374
2023-12-01,0.19642640759454438,0.2149366105274879,0.5886369760181935
2023-12-04,0.14217050804250314,0.2580378258296399,0.5997916686713941
2023-12-05,0.23425291674701582,0.16703696181717076,0.5987101250033832
2023-12-06,0.23053164994533815,0.09856044535082947,0.6709079061850814
2023-12-07,0.17980692355934333,0.15392612511185672,0.6662669533797742
2023-12-08,0.1642134664148486,0.10990155675155892,0.7258849786447465
2023-12-11,0.18016842568517566,0.036519471140831435,0.7833120935917401
2023-12-12,0.19050572765940532,0.15325582696680135,0.6562384427355358
2023-12-13,0.3135189685620775,0.10700538875090924,0.5794756421211116
2023-12-14,0.20946329677921385,0.1995740445082733,0.5909626600551424
2023-12-15,0.16195427018575945,0.34823565972825654,0.4898100581421302
2023-12-18,0.25430064658366386,0.22411928563943423,0.5215800684804576
2023-12-19,0.19041330894087272,0.297703472804087,0.5118832207623697
2023-12-20,0.20625674309390535,0.08214488505094855,0.7115983678396886
2023-12-21,0.21803827653451643,0.15557729920423047,0.6263844243654856
2023-12-22,0.2636208038247455,0.30695692993034396,0.429422265477119
2023-12-26,0.28474140040614687,0.29826055566661164,0.4169980367939408
2023-12-27,0.36884733971483363,0.1345263788807187,0.4966262803764891
2024-01-01,0.07928504762721472,0.3311968122705303,0.5895181234347924
2024-01-02,0.27503875580446774,0.33079237798785194,0.3941688665875431
2024-01-03,0.1093739977287134,0.2386673842086755,0.6519586132404358
2024-01-04,0.34047570083784817,0.09378146477202084,0.5657428348706695
2024-01-05,0.3356723605104139,0.19712763852498827,0.4671999967378881
2024-01-08,0.2505580244028223,0.32127196016538373,0.42817001740031496
2024-01-09,0.09726222716863193,0.3764029072301965,0.5263348703287424
2024-01-10,0.1985722301490243,0.2601495802649565,0.541278182681739
2024-01-11,0.2670038516093889,0.26787847862038744,0.46511767714268903
2024-01-12,0.3933834821188206,0.15565280690139627,0.4509637190235417
2024-01-15,0.2040566168523508,0.1585285101954768,0.6374148699521524
2024-01-16,0.24460140264256108,0.18500410425170974,0.5703944952980771
2024-01-17,0.2050775621039108,0.18641110105879105,0.6085113367170151
2024-01-18,0.22373055075059137,0.1852390625772586,0.5910303867511985
2024-01-19,0.2801500356452207,0.19850145862551002,0.5213485026122651
2024-01-22,0.17860790643801916,0.23034558984185682,0.5910465100791673
2024-01-23,0.16704068164135008,0.34368821435494673,0.489271101157094
2024-01-24,0.3474089304742224,0.22443123260310122,0.4281598403580227
2024-01-25,0.250608701592738,0.20997967958888245,0.5394116163193624
2024-01-26,0.24330512860286282,0.1932678055198368,0.5634270706311284
2024-01-29,0.32321673888718483,0.16898133192666384,0.5078019264963489
2024-01-30,0.40281429433431365,0.2304528577403675,0.3667328449576938
2024-01-31,0.19335741649524096,0.3323039427599142,0.4743386381229209
2024-02-01,0.3118905903416132,0.14259305932708374,0.5455163512332609
2024-02-02,0.36274617879050397,0.20134130132012956,0.43591251789680485
2024-02-05,0.23714294408110498,0.2955120222350317,0.4673450318322954
2024-02-06,0.28397115609002166,0.1543595877440233,0.5616692547151377
2024-02-07,0.2248234845354303,0.17533028974106485,0.5998462240047352
2024-02-08,0.2476294227308263,0.17642223406460822,0.5759483459967771
2024-02-09,0.20814921972419212,0.20140940227636164,0.5904413787660822
2024-02-12,0.30937493508577407,0.1407950591210655,0.5498300033133449
2024-02-13,0.21864511599271497,0.24735474714738423,0.5340001374202211
2024-02-14,0.24898377118026724,0.18680221158193447,0.5642140155954886
2024-02-15,0.17264076406223394,0.21733115951688967,0.610028073189941
2024-02-16,0.2905625650498568,0.1654674430025631,0.5439699888404438
2024-02-19,0.25958358066572623,0.13243302955274905,0.6079833886405932
2024-02-20,0.26581351103165735,0.21308409205428358,0.5211023956043987
2024-02-21,0.2915856273440093,0.18372995965796604,0.5246844101965473
2024-02-22,0.37924369488948806,0.1350481754572919,0.48570812704070937
2024-02-23,0.22508433054470012,0.23143139207144378,0.5434842778883723
2024-02-26,0.1839272337334005,0.1996176236901192,0.6164551369325275
2024-02-27,0.2734360240325555,0.16832446479688515,0.5582395135345759
2024-02-28,0.23921124420751372,0.1861242155792658,0.5746645391719173
2024-02-29,0.23204840647515154,0.13924835234244026,0.6287032389555293
2024-03-01,0.1743085691977829,0.2510838709705781,0.5746075568393111
2024-03-04,0.22357900699001867,0.1864837517014881,0.5899372366995567
2024-03-05,0.15656262778659555,0.4195335885588662,0.42390378337320755
2024-03-06,0.22213650436925772,0.15412793389486149,0.6237355607832878
2024-03-07,0.2207403150141766,0.1872912366938594,0.5919684498818475
2024-03-08,0.2186929724125247,0.30658585687336093,0.47472117151923726
2024-03-11,0.264690216466193,0.23517755165930782,0.5001322295602225
2024-03-12,0.2213455836436569,0.17515513386124829,0.6034992818610793
2024-03-13,0.2516939644635714,0.34545977635548536,0.4028462549991937
2024-03-14,0.23538474802861437,0.21347410854697751,0.5511411448788436
2024-03-15,0.2322074985188802,0.24213071038218884,0.5256617903671116
2024-03-18,0.3073782807195433,0.2453097635818718,0.4473119539657568
2024-03-19,0.2534040363595987,0.1878824316637174,0.5587135303278756
2024-03-20,0.24507885603230828,0.2552702277226933,0.4996509146560542
2024-03-21,0.20965914529664084,0.21029515670649593,0.5800456931991252
2024-03-22,0.18605997309181566,0.1519216526660395,0.662018375223905
2024-03-25,0.1514738828595693,0.29438550346047265,0.5541406140181907
2024-03-26,0.22581264100002843,0.20372967967759928,0.5704576769316821
2024-03-27,0.217103071304396,0.21868883357555996,0.5642080957366533
2024-03-28,0.17610909380119721,0.19927648773819276,0.6246144175443249
2024-03-29,0.21178374846530854,0.17825253207378164,0.6099637221514538
2024-04-01,0.29451465224575196,0.15674469470852023,0.5487406533798354
2024-04-02,0.23675998485017602,0.25214947102026947,0.5110905431250637
2024-04-03,0.17497773712701895,0.21665938926385908,0.6083628724449753
2024-04-04,0.3017731035077401,0.1708093221892248,0.5274175768607288
2024-04-05,0.1795320962597425,0.23497108269814382,0.5854968219953528
2024-04-08,0.31543269702624455,0.19162077594701227,0.4929465255311433
2024-04-09,0.2286193760583648,0.10826607103504697,0.6631145529302774
2024-04-10,0.2795569906979453,0.18675233872236155,0.5336906729276445
2024-04-11,0.21713246479639198,0.20625841536542805,0.5766091176512329
2024-04-12,0.2074751819053503,0.19036333223690227,0.6021614872375786
2024-04-15,0.1949767398777954,0.19488146559630132,0.6101417945818104
2024-04-16,0.21213460300781095,0.28185109421816495,0.506014306449258
2024-04-17,0.17113749596745706,0.2612864930834774,0.5675760087750037
2024-04-18,0.2576082490197384,0.12530777175324795,0.6170839775108004
2024-04-19,0.17857721397446366,0.2190919882717415,0.6023307968244599
2024-04-22,0.21697930282717048,0.2298343430360667,0.5531863522549999
2024-04-23,0.23425071496666128,0.17351604722970135,0.5922332375660839
2024-04-24,0.3072915748817599,0.22438347732117894,0.46832494844798167
2024-04-25,0.3560147096455811,0.2708358057309808,0.37314948525665614
2024-04-26,0.3468891430651084,0.23023855563521678,0.42287229676530735
2024-04-29,0.2624964481017898,0.23627102496118485,0.5012325254713497
2024-04-30,0.23575479715096997,0.2535020243340914,0.5107431807734584
2024-05-01,0.26010008352325853,0.19145412578061355,0.5484457874159223
2024-05-02,0.21179069036371825,0.10564648953183074,0.6825628273523389
2024-05-03,0.16778518067875584,0.15790292227895755,0.6743118951832052
2024-05-06,0.14320307010030367,0.2510178169916895,0.6057791121739402
2024-05-07,0.28587826026413593,0.09430927447502817,0.6198124633962986
2024-05-09,0.10925781645284899,0.3379253326958461,0.5528168548345759
2024-05-13,0.21711608843399852,0.18058072132261319,0.6023031888361267
2024-05-14,0.26662734636079677,0.13277484153458194,0.600597812168767
2024-05-15,0.29144730696297977,0.11887750662881097,0.5896751870743521
2024-05-16,0.15697340281699196,0.39100576473085996,0.4520208389191837
2024-05-17,0.21132469392062112,0.09079033072330844,0.6978849734453906
2024-05-20,0.2286445200422292,0.1384729087572182,0.632882574616043
2024-05-21,0.3340795423759112,0.08337196640296347,0.5825484886094405
2024-05-22,0.28102744045145994,0.16729619707556748,0.5516763631054251
2024-05-23,0.3435753929426265,0.15929988898659334,0.49712472036917216
2024-05-24,0.16302815673116994,0.3382646751698267,0.4987071624893106
2024-05-27,0.1817928637802569,0.21994333584073253,0.5982637991123325
2024-05-28,0.3349641231430308,0.12927646263737663,0.5357594211434027
2024-05-29,0.17395034871523468,0.28935005863546037,0.5366995899520544
2024-05-30,0.0667874090663087,0.2781197438474369,0.6550928395084974
2024-06-03,0.2397813038299226,0.14791594423022936,0.6123027507620517
2024-06-04,0.16542086346172077,0.14034264747113367,0.6942364926253591
2024-06-05,0.23013753337984502,0.3218016378025203,0.4480608238933147
2024-06-06,0.30201374409338616,0.20303268549121278,0.4949535709004388
2024-06-10,0.1710569757140345,0.10330643546250132,0.7256365761988692
2024-06-14,0.25143392665908126,0.15925663150076544,0.5893094416258581
2024-06-17,0.27091841190191135,0.13155685557919897,0.5975247318645446
2024-06-18,0.22989202817914953,0.061906664544929865,0.7082013072368115
2024-06-21,0.12769309498888878,0.26793664725557703,0.6043702628533575
2024-06-24,0.25870963368013067,0.143728329541407,0.5975620351101762
2024-06-25,0.20902365124910519,0.1640934173311554,0.6268829331692342
2024-06-26,0.14313263044589095,0.15425216574221848,0.7026152075164848
2024-06-27,0.14688134095432678,0.2566718000988841,0.5964468631666479
2024-07-01,0.1759295474423556,0.2897602150900769,0.5343102370783865
2024-07-02,0.26167370020261926,0.2018326598561746,0.5364936391047206
2024-07-04,0.39703720428457046,0.16079073403465705,0.4421720646975051
2024-07-05,0.5626376592285104,0.057464789781670744,0.37989755731434266
2024-07-09,0.21560077625923815,0.14750755249182335,0.6368916580119194
2024-07-10,0.307633588150701,0.1744257823050056,0.5179406306661655
2024-07-11,0.1351154428793588,0.3495202923819015,0.5153642628506746
2024-07-15,0.5679213046561926,0.13414280912838877,0.29793588658794756
2024-07-16,0.23300277771583447,0.07734646839283718,0.6896507658530027
2024-07-17,0.22630648159283287,0.23579281455824574,0.5379007055752689
2024-07-18,0.17170276745184843,0.1976591757355799,0.6306380549242097
2024-07-19,0.11050997570731816,0.23452359810817006,0.6549664232023433
2024-07-22,0.24940410472736474,0.2318561884165919,0.5187397027132766
2024-07-23,0.25955238965096633,0.08311927022758529,0.6573283371077878
2024-07-24,0.2441089238339611,0.11953640381132916,0.6363546713628533
2024-07-25,0.1926824532050706,0.27747651162482023,0.5298410304970378
2024-07-26,0.23365236376227574,0.20458266075635373,0.5617649834145497
2024-07-29,0.1990537890910536,0.21221835927406923,0.5887278516332393
2024-07-30,0.16688736592751613,0.2263462728241202,0.6067663578031479
2024-07-31,0.29756632713989667,0.20800852193341143,0.4944251503475596
2024-08-01,0.322783282121838,0.2427834919687689,0.43443323058253075
2024-08-02,0.34898785182387104,0.4028906804307921,0.24812146606420898
2024-08-05,0.18869635731731188,0.3682299561864041,0.4430736918627266
2024-08-06,0.24956091736423355,0.20186773640010802,0.548571346397902
2024-08-07,0.18626257517272016,0.25174789420930366,0.5619895300129185
2024-08-08,0.23650232110531708,0.1918675392831567,0.5716301368840464
2024-08-09,0.3882810239685039,0.05156551223524191,0.5601534684242867
2024-08-12,0.3126986299926036,0.13483345069746167,0.5524679129912994
2024-08-13,0.19949926608970936,0.19573024026142014,0.6047705012428316
2024-08-21,0.36973416782392743,0.19375099821488828,0.43651483118534884
2024-08-22,0.13398158307675095,0.08707151331436185,0.7789469108281155
2024-08-26,0.26650160164526143,0.22198578517226616,0.511512611306558
2024-08-27,0.18187175327821467,0.30463656941554423,0.5134916792229695
2024-08-28,0.28989752995500234,0.23981933249061288,0.47028313762912316
2024-08-29,0.3056141552658012,0.2263912405962379,0.4679946019780703
2024-08-30,0.3126893790795597,0.1166490268478931,0.5706615947723224
2024-09-02,0.3207050130176303,0.2696792807277872,0.40961571013100845
2024-09-03,0.27492678753356103,0.20030114238055466,0.5247720640742487
2024-09-04,0.2312137882491651,0.29147689938951354,0.47730931084461176
2024-09-05,0.26748366399763646,0.25228595448805535,0.48023038203797214
2024-09-09,0.22544345137706448,0.1713746126487366,0.6031819327773135
2024-09-10,0.29885243433446906,0.1785920968901275,0.5225554682051398
2024-09-11,0.27801647149244846,0.14697683090685146,0.5750066989585261
2024-09-12,0.20051391190890822,0.24144014104262532,0.5580459492624695
2024-09-13,0.08148824713531544,0.1501523309641264,0.7683594143949449
2024-09-16,0.22457633957913303,0.16564824897920016,0.6097754079225992
2024-09-17,0.1289394884459049,0.3476076314917636,0.5234528788902605
2024-09-19,0.16062618348041144,0.25021273877854394,0.5891610764137968
2024-09-20,0.10749684650076445,0.11569249215880754,0.7768106589813238
2024-09-23,0.2506131644609487,0.08795645310165837,0.6614303820185755
2024-09-24,0.162306078034444,0.12944095869894534,0.7082529683758814
2024-09-25,0.19768152398431077,0.06132081592579223,0.7409976614987895
2024-09-26,0.1663682273530217,0.13289973048194795,0.7007320432098455
2024-09-27,0.1606823250043895,0.23805772391381586,0.6012599507227883
2024-09-30,0.13672615785031889,0.16376498283694452,0.6995088599732041
2024-10-01,0.15698454752393515,0.14213522297330783,0.7008802315732633
2024-10-02,0.18089400115202792,0.1424508784511357,0.6766551222522095
2024-10-03,0.15661123172750532,0.14625688995441927,0.6971318809041919
2024-10-04,0.18880514567822326,0.1082055698431682,0.7029892862386695
2024-10-07,0.10228059209944779,0.13851529586644226,0.7592041036350313
2024-10-08,0.21933215592364474,0.13657265976531718,0.6440951786711525
2024-10-09,0.2552203881917276,0.14241770894608743,0.6023619013812581
2024-10-10,0.19372448420914876,0.11588235666475882,0.690393158990382
2024-10-11,0.27801031233931717,0.24356549122215557,0.4784241930554177
2024-10-14,0.17997592017407127,0.13944163530070514,0.6805824462700971
2024-10-16,0.1596831612350976,0.07631616197782543,0.7640006708517086
2024-10-17,0.15813052158524651,0.3128782257209988,0.528991254529498
2024-10-18,0.2190335741493594,0.18031291992405765,0.600653505012528
2024-10-21,0.18966708519185896,0.13898399732011943,0.6713489178454546
2024-10-22,0.1103521739568898,0.22578396717002472,0.6638638595683143
2024-10-23,0.19613938783407317,0.25420963052952494,0.5496509827105078
2024-10-24,0.1744741991504414,0.11774819054783686,0.7077776137481022
2024-10-25,0.11314761579707254,0.33699073289597864,0.5498616461768099
2024-10-28,0.26306626602406474,0.1188377961302174,0.618095939722765
2024-10-29,0.17170663602816325,0.1702132814039591,0.6580800778053504
2024-10-30,0.3849024346344964,0.21203214181153798,0.4030654282945419
2024-10-31,0.36335980255300937,0.2454233769531366,0.39121682219528753
2024-11-01,0.2836978984026815,0.12688470344240946,0.5894174046499173
2024-11-04,0.2080120666545727,0.1269096526297742,0.6650782845943929
2024-11-05,0.1557701713068272,0.19915359732200733,0.6450762253425439
2024-11-06,0.26803453165259067,0.32770260234226617,0.40426286002151635
2024-11-07,0.16865473351512444,0.24092376427585252,0.5904215053469254
2024-11-08,0.11149201893647637,0.22660781377813338,0.6619001667666304
2024-11-11,0.25158754906845626,0.09188839316363663,0.6565240595154112
2024-11-12,0.22307564494557475,0.1483786333102467,0.6285457243325093
2024-11-14,0.18222726152459698,0.4007121457042025,0.41706059265231277
2024-11-15,0.14945332406759237,0.15514258568827927,0.6954040934832556
2024-11-18,0.18730189995226432,0.14712150913478475,0.6655765939263236
2024-11-19,0.23446641643315877,0.11805783510657027,0.6474757475858532
2024-11-20,0.25611273125327255,0.1178153267461386,0.6260719438208733
2024-11-21,0.2551908525626862,0.16627923892483354,0.5785299101349237
2024-11-22,0.1431680241664057,0.21896843277885758,0.6378635483306746
2024-11-25,0.14394661431700098,0.13018139574317023,0.7258719902198055
2024-11-26,0.19816265361530921,0.14091944392895522,0.6609179038793375
2024-11-27,0.21392769258813554,0.2622838301183267,0.5237884720688835
2024-11-29,0.19573064513770322,0.07544138982121178,0.7288279626186523
2024-12-02,0.2553427022126349,0.1683401266636531,0.576317166378354
2024-12-03,0.20569374123675577,0.25444738268489236,0.5398588769282099
2024-12-04,0.24370359144743736,0.06819037115067653,0.6881060344638454
2024-12-05,0.3067926075438573,0.14741366200524542,0.5457937347236318
2024-12-06,0.2886939170705461,0.1592802579135896,0.5520258234212971
2024-12-09,0.2475037587012423,0.23686483779468928,0.5156313986112446
2024-12-10,0.19325514392138374,0.18518902581023178,0.6215558326564248
2024-12-11,0.13964249353016842,0.4543125228936769,0.40604498532637345
2024-12-12,0.1786175607903403,0.27239909164943427,0.5489833479608227
2024-12-13,0.29645048724219725,0.1802502461183439,0.5232992660624425
2024-12-16,0.22011170034619224,0.12385510690085776,0.6560331955160543
2024-12-17,0.21177803541856957,0.20536299473993164,0.5828589674153724
2024-12-18,0.294856642685073,0.11795436035704014,0.5871889948599739
2024-12-19,0.18705364263401444,0.1598350500087166,0.6531113067576478
2024-12-20,0.1244184992974624,0.22914039303612385,0.6464411201595794
2024-12-23,0.19551861699949502,0.06042708381025504,0.744054301385987
2024-12-30,0.22698644459733325,0.2629346128082785,0.510078941421662
2024-12-31,0.17448563788389682,0.3004580069668273,0.5250563560193161
2025-01-01,0.7502344093317616,0.02755700417890631,0.222208590471539
2025-01-02,0.24389888222986658,0.18997034433598214,0.5661307724171128
2025-01-06,0.12510355147317262,0.12659967953009132,0.7482967689758616
2025-01-07,0.16799784053541164,0.21367350000310786,0.6183286563302337
2025-01-08,0.1382145535724874,0.288383711065171,0.5734017332281582
2025-01-09,0.12422405751483905,0.26953885239685405,0.6062370880300507
2025-01-10,0.13686692372374168,0.30380525234353173,0.5593278236788315
2025-01-13,0.1489692694963848,0.30724317432101406,0.5437875556233285
2025-01-14,0.17132907151381968,0.38956041731144353,0.4391105128889051
2025-01-15,0.16060572125241152,0.22016650052244185,0.6192277772427565
2025-01-16,0.10203697326085356,0.2657655810815174,0.6321974397628016
2025-01-17,0.07065802494928773,0.28947249488971594,0.6398694789303201
2025-01-20,0.15840571926130473,0.2025275673088338,0.6390667103602153
2025-01-21,0.261444661350595,0.1300620197051345,0.6084933201155321
2025-01-22,0.19231143656635646,0.19090911413180714,0.6167794508257766
2025-01-23,0.1823975195225176,0.21173675300799116,0.6058657278483652
2025-01-24,0.2890238597400182,0.15019130000661526,0.5607848413041573
2025-01-27,0.20151353757572651,0.2158814864868317,0.5826049748334735
2025-01-28,0.24807442686003328,0.17636710774722014,0.5755584665998709
2025-01-29,0.2867877836578072,0.2490720401586426,0.4641401771104636
2025-01-30,0.32390723042338304,0.2315988503779556,0.4444939192527248
2025-01-31,0.23499016786627225,0.21298773570383686,0.5520220973047589
2025-02-03,0.1757981189023461,0.2100448027591093,0.6141570775122135
2025-02-04,0.20370214676922074,0.16807392608442315,0.628223927549517
2025-02-05,0.24583254300960308,0.11984206747795714,0.6343253858749273
2025-02-06,0.24015582025335544,0.2927793763690636,0.467064805691251
2025-02-07,0.22941397780072448,0.19607405049639587,0.5745119736430062
2025-02-10,0.15306331690061495,0.3657433622100141,0.4811933210266586
2025-02-11,0.20630557962777982,0.07750699237427612,0.7161874299525753
2025-02-12,0.10026570232585072,0.1400546253969272,0.7596796685208878
2025-02-13,0.2496774658146832,0.3044966533805968,0.44582586959004405
2025-02-14,0.2166141368737223,0.19131877984135803,0.592067079877639
2025-02-17,0.2321993356521427,0.14038923646945198,0.627411417870405
2025-02-18,0.31205849407269637,0.15725317836466335,0.5306883239738748
2025-02-20,0.1170688323672236,0.2989286827012855,0.5840024834659722
2025-02-21,0.16802453915808135,0.3073331096829922,0.5246423515745686
2025-02-24,0.2222019590000079,0.25437960036982055,0.5234184421036171
2025-02-25,0.24934470661219305,0.25903918278368365,0.49161611475238287
2025-02-27,0.20112665935584126,0.3490094885352594,0.4498638522325817
2025-03-05,0.22532989516975763,0.25852613975698857,0.516143970515417
2025-03-06,0.17843575519915394,0.30980766940093046,0.5117565731795938
2025-03-10,0.19485132235938632,0.19222815176865643,0.612920525144845
2025-03-11,0.2242730227516396,0.20841235738562688,0.5673146183121429
2025-03-12,0.23400679540044472,0.30355014836574395,0.4624430571403897
2025-03-13,0.12032071731825003,0.2725693702141946,0.6071099151728014
2025-03-14,0.3093839447117514,0.4531039247910182,0.2375121166308721
2025-03-18,0.28135566903950854,0.13684226987916712,0.5818020563146898
2025-03-20,0.22154479946112837,0.16066351136419468,0.617791687186537
2025-03-24,0.18230620719896257,0.16349199407761494,0.654201801583411
2025-03-25,0.25310308120355257,0.08925630683030865,0.6576406095744646
2025-03-26,0.16682727324961033,0.20838331353317419,0.6247894209879744
2025-03-27,0.15985155047216854,0.17180660392091213,0.6683418439248843
2025-03-28,0.10865114422308074,0.022439356841560867,0.8689094997114606
2025-04-01,0.29774373096236223,0.2049287801017176,0.4973274840893665
2025-04-02,0.19221988605568185,0.2550248357094295,0.5527552753708072
2025-04-03,0.4351645127559702,0.08496857863954371,0.47986691031191087
2025-04-07,0.14813072159526172,0.2908844744717792,0.5609848064254802
2025-04-08,0.20230118963199278,0.3023185887790491,0.4953802213074164
2025-04-09,0.17115089771174205,0.2821569643544078,0.5466921369637273
2025-04-10,0.12471978884026948,0.20607977566589386,0.6692004346359177
2025-04-11,0.16525458746560914,0.31724120626968055,0.5175042043715309
2025-04-14,0.2015226800428276,0.2795062672123729,0.5189710501448304
2025-04-15,0.09018636510175254,0.17065499061053352,0.7391586498490401
2025-04-17,0.20996261917410747,0.2203575879034093,0.5696797957757999
2025-04-18,0.19118793161900824,0.19325249665718305,0.6155595744564012
2025-04-21,0.17408169504138712,0.22154319661271446,0.6043751047962174
2025-04-22,0.26906115022518945,0.11214575927240533,0.6187930909609346
2025-04-23,0.18044205569440158,0.4579616055428315,0.3615963339164311
2025-04-25,0.144837333273404,0.20517242590022647,0.6499902389437091
2025-04-28,0.3690119966350753,0.16538132046317233,0.4656066715010795
2025-04-30,0.21576543679154855,0.11227604205953108,0.6719585253838839
2025-05-01,0.3807062712016889,0.1335385899627506,0.48575513675609067
2025-05-02,0.5053391332345966,0.38496979247582586,0.10969106274607934
